img011-001,A
img011-002,A
img011-003,A
img011-004,A
img011-005,A
img011-006,A
img011-007,A
img011-008,A
img011-009,A
img011-010,A
img011-011,A
img011-012,A
img011-013,A
img011-014,A
img011-015,A
img011-016,A
img011-017,A
img011-018,A
img011-019,A
img011-020,A
img011-021,A
img011-022,A
img011-023,A
img011-024,A
img011-025,A
img011-026,A
img011-027,A
img011-028,A
img011-029,A
img011-030,A
img011-031,A
img011-032,A
img011-033,A
img011-034,A
img011-035,A
img011-036,A
img011-037,A
img011-038,A
img011-039,A
img011-040,A
img011-041,A
img011-042,A
img011-043,A
img011-044,A
img011-045,A
img011-046,A
img011-047,A
img011-048,A
img011-049,A
img011-050,A
img011-051,A
img011-052,A
img011-053,A
img011-054,A
img011-055,A
img012-001,B
img012-002,B
img012-003,B
img012-004,B
img012-005,B
img012-006,B
img012-007,B
img012-008,B
img012-009,B
img012-010,B
img012-011,B
img012-012,B
img012-013,B
img012-014,B
img012-015,B
img012-016,B
img012-017,B
img012-018,B
img012-019,B
img012-020,B
img012-021,B
img012-022,B
img012-023,B
img012-024,B
img012-025,B
img012-026,B
img012-027,B
img012-028,B
img012-029,B
img012-030,B
img012-031,B
img012-032,B
img012-033,B
img012-034,B
img012-035,B
img012-036,B
img012-037,B
img012-038,B
img012-039,B
img012-040,B
img012-041,B
img012-042,B
img012-043,B
img012-044,B
img012-045,B
img012-046,B
img012-047,B
img012-048,B
img012-049,B
img012-050,B
img012-051,B
img012-052,B
img012-053,B
img012-054,B
img012-055,B
img013-001,C
img013-002,C
img013-003,C
img013-004,C
img013-005,C
img013-006,C
img013-007,C
img013-008,C
img013-009,C
img013-010,C
img013-011,C
img013-012,C
img013-013,C
img013-014,C
img013-015,C
img013-016,C
img013-017,C
img013-018,C
img013-019,C
img013-020,C
img013-021,C
img013-022,C
img013-023,C
img013-024,C
img013-025,C
img013-026,C
img013-027,C
img013-028,C
img013-029,C
img013-030,C
img013-031,C
img013-032,C
img013-033,C
img013-034,C
img013-035,C
img013-036,C
img013-037,C
img013-038,C
img013-039,C
img013-040,C
img013-041,C
img013-042,C
img013-043,C
img013-044,C
img013-045,C
img013-046,C
img013-047,C
img013-048,C
img013-049,C
img013-050,C
img013-051,C
img013-052,C
img013-053,C
img013-054,C
img013-055,C
